id,bj_id,is_live,viewer_count,title,last_checked
20,undefined,false,0,"",2026-01-23T09:49:55.030767+00:00
21,undefined,false,0,"",2026-01-23T09:49:55.425663+00:00
27,undefined,false,0,"",2026-01-23T09:49:55.819559+00:00
15,undefined,false,0,"",2026-01-23T09:49:56.216337+00:00
14,undefined,false,0,"",2026-01-23T09:49:56.621897+00:00
23,undefined,false,0,"",2026-01-23T09:49:57.025634+00:00
18,undefined,false,0,"",2026-01-23T09:49:57.425507+00:00
24,undefined,false,0,"",2026-01-23T09:49:57.813012+00:00
26,undefined,false,0,"",2026-01-23T09:49:58.211991+00:00
16,undefined,false,0,"",2026-01-23T09:49:58.619621+00:00
22,undefined,false,0,"",2026-01-23T09:49:59.017494+00:00
25,undefined,false,0,"",2026-01-23T09:49:59.411341+00:00
17,undefined,false,0,"",2026-01-23T09:49:59.799278+00:00
19,undefined,true,45,"",2026-01-19T12:10:59.087673+00:00
